prefix,file_type,cpu_time_ms
src/test,Starlark,7331
src/conditions,JAVA,12873
third_party/,HTML/CSS/JS,8096
tools/,C/C++,5548
scripts/,python,9370
scripts/,HTML/CSS/JS,5870
scripts/,HTML/CSS/JS,4838
src/tools,python,10360
examples/,C/C++,12628
site/,python,9623
src/main,python,7642
bazelci/,python,11932
examples/,python,12587
third_party/,python,7996
src/java_tools,HTML/CSS/JS,10717
src/test,python,8020
src/tools,HTML/CSS/JS,7935
src/conditions,C/C++,10072
src/tools,python,8140
bazelci/,JAVA,15186
src/main,JAVA,9590
src/test,Starlark,8953
scripts/,JAVA,9089
tools/,HTML/CSS/JS,5901
third_party/,C/C++,9928
src/main,HTML/CSS/JS,9840
scripts/,python,6783
bazelci/,Starlark,12658
src/conditions,Starlark,10712
src/main,Starlark,11023
src/tools,C/C++,11790
site/,HTML/CSS/JS,9360
site/,HTML/CSS/JS,9007
tools/,HTML/CSS/JS,2642
site/,HTML/CSS/JS,9490
src/java_tools,python,9221
examples/,C/C++,14281
src/java_tools,python,11599
site/,Starlark,9172
src/tools,JAVA,12028
bazelci/,JAVA,12079
src/java_tools,Starlark,8606
src/tools,HTML/CSS/JS,8508
src/test,Starlark,9408
src/java_tools,JAVA,11030
third_party/,python,10716
src/main,C/C++,8560
src/test,JAVA,10612
tools/,JAVA,7203
src/main,HTML/CSS/JS,8708
bazelci/,JAVA,13241
third_party/,python,10303
src/main,Starlark,6733
src/java_tools,HTML/CSS/JS,8607
site/,C/C++,12196
bazelci/,JAVA,17389
tools/,HTML/CSS/JS,4260
site/,Starlark,11620
third_party/,Starlark,10404
src/main,python,10087
src/tools,JAVA,13210
src/test,JAVA,6221
tools/,python,3880
third_party/,Starlark,12224
src/main,python,5877
bazelci/,python,12119
src/conditions,HTML/CSS/JS,9424
src/tools,Starlark,10948
scripts/,Starlark,5375
bazelci/,python,13538
tools/,JAVA,7739
examples/,C/C++,12457
examples/,Starlark,10760
bazelci/,python,12925
bazelci/,HTML/CSS/JS,10995
src/test,Starlark,6367
bazelci/,JAVA,15055
src/java_tools,HTML/CSS/JS,14201
scripts/,Starlark,2899
bazelci/,python,10669
bazelci/,HTML/CSS/JS,11681
site/,Starlark,7977
bazelci/,JAVA,14086
src/conditions,Starlark,10455
src/tools,HTML/CSS/JS,9966
src/conditions,Starlark,11280
bazelci/,python,10670
src/main,JAVA,8333
scripts/,C/C++,7851
third_party/,Starlark,11347
src/test,C/C++,9105
examples/,C/C++,11814
bazelci/,JAVA,14731
src/main,HTML/CSS/JS,7098
third_party/,C/C++,12647
third_party/,JAVA,13484
site/,HTML/CSS/JS,8975
scripts/,python,5339
examples/,C/C++,16363
scripts/,JAVA,6680
third_party/,HTML/CSS/JS,10908
bazelci/,python,12152
third_party/,Starlark,11305
src/conditions,python,8280
src/conditions,python,9309
scripts/,python,6188
examples/,python,10312
third_party/,C/C++,9205
src/conditions,C/C++,9994
third_party/,C/C++,14682
bazelci/,C/C++,12716
src/tools,HTML/CSS/JS,9846
src/conditions,JAVA,15243
src/main,Starlark,10264
third_party/,Starlark,10852
third_party/,C/C++,14999
src/conditions,python,9518
src/main,C/C++,7826
third_party/,HTML/CSS/JS,10197
third_party/,C/C++,12977
scripts/,C/C++,11566
site/,C/C++,11442
bazelci/,python,12911
src/test,python,7952
examples/,Starlark,11624
scripts/,Starlark,8970
src/conditions,python,10555
third_party/,Starlark,11046
examples/,HTML/CSS/JS,12443
bazelci/,C/C++,12261
src/test,HTML/CSS/JS,6626
site/,C/C++,12590
src/conditions,C/C++,12501
site/,JAVA,12684
src/conditions,HTML/CSS/JS,8401
src/tools,Starlark,9837
bazelci/,Starlark,9532
src/main,HTML/CSS/JS,6360
bazelci/,HTML/CSS/JS,10395
bazelci/,JAVA,15289
site/,JAVA,13246
bazelci/,python,11475
src/tools,Starlark,10271
site/,Starlark,9414
third_party/,HTML/CSS/JS,10986
site/,Starlark,9126
src/conditions,python,12617
src/tools,C/C++,12266
third_party/,python,11019
src/test,C/C++,9108
src/tools,C/C++,9287
src/test,HTML/CSS/JS,7629
bazelci/,python,12375
site/,python,9780
src/java_tools,python,6806
third_party/,Starlark,13564
src/main,Starlark,7854
third_party/,python,8698
src/test,HTML/CSS/JS,8343
scripts/,HTML/CSS/JS,6378
src/tools,python,11440
src/java_tools,HTML/CSS/JS,9008
src/java_tools,C/C++,11453
src/conditions,python,9915
scripts/,Starlark,5840
src/tools,JAVA,13314
bazelci/,HTML/CSS/JS,10343
src/main,JAVA,12894
tools/,python,3823
src/conditions,C/C++,10799
site/,C/C++,9287
src/conditions,JAVA,11222
site/,Starlark,10846
bazelci/,HTML/CSS/JS,14503
site/,HTML/CSS/JS,8461
scripts/,HTML/CSS/JS,6016
src/java_tools,C/C++,13644
src/tools,C/C++,9064
third_party/,C/C++,10343
src/test,JAVA,10210
src/java_tools,JAVA,12535
tools/,HTML/CSS/JS,4864
third_party/,JAVA,12927
scripts/,JAVA,9550
src/conditions,python,9904
src/conditions,HTML/CSS/JS,9715
src/conditions,C/C++,10476
src/tools,JAVA,13502
scripts/,HTML/CSS/JS,3226
bazelci/,C/C++,13999
src/test,C/C++,3800
scripts/,Starlark,5401
examples/,python,11429
src/main,HTML/CSS/JS,11999
src/conditions,C/C++,11456
examples/,C/C++,13603
examples/,Starlark,12923
src/tools,JAVA,11887
src/test,python,8093
bazelci/,HTML/CSS/JS,8863
site/,C/C++,11293
site/,HTML/CSS/JS,11003
examples/,HTML/CSS/JS,10299
tools/,Starlark,4506
scripts/,JAVA,11206
tools/,python,3484
src/test,python,8884
scripts/,Starlark,5367
examples/,HTML/CSS/JS,11226
src/java_tools,HTML/CSS/JS,8420
src/java_tools,JAVA,8806
examples/,JAVA,15206
third_party/,HTML/CSS/JS,9746
src/tools,Starlark,10267
bazelci/,C/C++,13463
src/test,C/C++,9071
src/main,C/C++,10975
src/main,Starlark,7234
examples/,C/C++,11774
src/tools,HTML/CSS/JS,7664
third_party/,JAVA,10758
site/,JAVA,12534
site/,C/C++,11304
site/,C/C++,13535
src/test,JAVA,6914
src/conditions,python,11498
third_party/,C/C++,12174
src/java_tools,HTML/CSS/JS,7153
src/tools,JAVA,12258
tools/,JAVA,3883
src/main,Starlark,4961
site/,C/C++,12342
site/,python,10047
src/java_tools,Starlark,10812
src/tools,C/C++,14724
scripts/,HTML/CSS/JS,7708
src/conditions,C/C++,10007
bazelci/,python,9233
bazelci/,python,12330
src/java_tools,HTML/CSS/JS,8253
tools/,python,6459
src/java_tools,C/C++,8589
src/test,C/C++,12013
examples/,HTML/CSS/JS,14997
src/test,C/C++,12602
scripts/,JAVA,6787
src/conditions,python,10151
scripts/,Starlark,5938
bazelci/,python,11761
src/tools,HTML/CSS/JS,10323
scripts/,HTML/CSS/JS,4418
third_party/,python,9914
src/tools,HTML/CSS/JS,12716
src/test,Starlark,9273
src/java_tools,JAVA,12052
src/tools,JAVA,15082
bazelci/,C/C++,14534
scripts/,Starlark,5947
src/java_tools,Starlark,7917
site/,HTML/CSS/JS,11524
bazelci/,python,12660
src/java_tools,JAVA,14399
bazelci/,HTML/CSS/JS,12934
site/,C/C++,10031
third_party/,HTML/CSS/JS,10162
src/java_tools,HTML/CSS/JS,10853
site/,HTML/CSS/JS,9404
src/test,HTML/CSS/JS,6042
site/,python,12056
third_party/,Starlark,14207
tools/,HTML/CSS/JS,3118
src/main,C/C++,8677
tools/,python,4733
src/test,python,7103
tools/,python,6944
third_party/,JAVA,14107
src/java_tools,Starlark,10410
src/java_tools,Starlark,10285
src/main,JAVA,14414
src/conditions,JAVA,12845
src/conditions,JAVA,12984
third_party/,JAVA,12153
scripts/,python,6765
examples/,C/C++,13638
tools/,C/C++,6634
tools/,python,6300
tools/,Starlark,6117
site/,HTML/CSS/JS,7514
src/test,JAVA,11546
src/java_tools,C/C++,8349
examples/,HTML/CSS/JS,12690
src/tools,JAVA,12589
site/,python,8051
src/main,JAVA,10829
src/main,Starlark,9013
bazelci/,HTML/CSS/JS,11472
src/test,Starlark,10118
bazelci/,C/C++,9206
src/java_tools,Starlark,9620
src/main,Starlark,8158
